[{
    "id": 1,
    "categorias": "TemasCompletos",
    "nTema": "1",
    "tema": "CONOCIMIENTO GENERAL DE AERONAVES",
    "imageName": "T1",
    "cantidadPreguntas": "143",
    "npregunta": "1",
    "ePregunta": "ENUNCIADO PREGUNTA 1",
    "opcionA": "P1 OPCION A",
    "opcionB": "P1 OPCION B",
    "opcionC": "P1 OPCION C",
    "opcionD": "P1 OPCION D",
    "opcionE": "P1 OPCION E",
    "rPregunta": "opcionA"
}, {
    "id": 2,
    "categorias": "TemasCompletos",
    "nTema": "2",
    "tema": "DERECHO AÉREO",
    "imageName": "T2",
    "cantidadPreguntas": "150"
    "npregunta": "2",
    "ePregunta": "ENUNCIADO PREGUNTA 2",
    "opcionA": "P2 OPCION A",
    "opcionB": "P2 OPCION B",
    "opcionC": "P2 OPCION C",
    "opcionD": "P2 OPCION D",
    "opcionE": "P2 OPCION E",
    "rPregunta": "opcionB"
}, {
    "id": 3,
    "categorias": "TemasCompletos",
    "nTema": "3",
    "tema": "FACTORES HUMANOS EN LA AVIACIÓN",
    "imageName": "T3",
    "cantidadPreguntas": "23",
    "npregunta": "1",
    "ePregunta": "ENUNCIADO PREGUNTA 1",
    "opcionA": "P1 OPCION A",
    "opcionB": "P1 OPCION B",
    "opcionC": "P1 OPCION C",
    "opcionD": "P1 OPCION D",
    "opcionE": "P1 OPCION E",
    "rPregunta": "opcionC"
}, {
    "id": 4,
    "categorias": "TemasCompletos",
    "nTema": "4",
    "tema": "METEOROLOGÍA",
    "imageName": "T4",
    "cantidadPreguntas": "278",
    "npregunta": "1",
    "ePregunta": "ENUNCIADO PREGUNTA 1",
    "opcionA": "P1 OPCION A",
    "opcionB": "P1 OPCION B",
    "opcionC": "P1 OPCION C",
    "opcionD": "P1 OPCION D",
    "opcionE": "P1 OPCION E",
    "rPregunta": "opcionD"
}, {
    "id": 5,
    "categorias": "TemasCompletos",
    "nTema": "5",
    "tema": "NAVEGACIÓN",
    "imageName": "T5",
    "cantidadPreguntas": "145",
    "npregunta": "1",
    "ePregunta": "ENUNCIADO PREGUNTA 1",
    "opcionA": "P1 OPCION A",
    "opcionB": "P1 OPCION B",
    "opcionC": "P1 OPCION C",
    "opcionD": "P1 OPCION D",
    "opcionE": "P1 OPCION E",
    "rPregunta": "opcionA"
}, {
    "id": 6,
    "categorias": "TemasCompletos",
    "nTema": "6",
    "tema": "PROCEDIMIENTOS OPERACIONALES",
    "imageName": "T6",
    "cantidadPreguntas": "51",
    "npregunta": "1",
    "ePregunta": "ENUNCIADO PREGUNTA 1",
    "opcionA": "P1 OPCION A",
    "opcionB": "P1 OPCION B",
    "opcionC": "P1 OPCION C",
    "opcionD": "P1 OPCION D",
    "opcionE": "P1 OPCION E",
    "rPregunta": "opcionA"
}, {
    "id": 7,
    "categorias": "TemasCompletos",
    "nTema": "7",
    "tema": "PRINCIPIOS DE VUELO",
    "imageName": "T7",
    "cantidadPreguntas": "178",
    "npregunta": "1",
    "ePregunta": "ENUNCIADO PREGUNTA 1",
    "opcionA": "P1 OPCION A",
    "opcionB": "P1 OPCION B",
    "opcionC": "P1 OPCION C",
    "opcionD": "P1 OPCION D",
    "opcionE": "P1 OPCION E",
    "rPregunta": "opcionA"
}, {
    "id": 8,
    "categorias": "TemasCompletos",
    "nTema": "8",
    "tema": "PERFORMANCE Y PLANIFICACIÓN DE VUELO",
    "imageName": "T8",
    "cantidadPreguntas": "51",
    "npregunta": "1",
    "ePregunta": "ENUNCIADO PREGUNTA 1",
    "opcionA": "P1 OPCION A",
    "opcionB": "P1 OPCION B",
    "opcionC": "P1 OPCION C",
    "opcionD": "P1 OPCION D",
    "opcionE": "P1 OPCION E",
    "rPregunta": "opcionA"
}, {
    "id": 9,
    "categorias": "TemasCompletos",
    "nTema": "9",
    "tema": "RADIOTELEFONÍA",
    "imageName": "T9",
    "cantidadPreguntas": "14",
    "npregunta": "1",
    "ePregunta": "ENUNCIADO PREGUNTA 1",
    "opcionA": "P1 OPCION A",
    "opcionB": "P1 OPCION B",
    "opcionC": "P1 OPCION C",
    "opcionD": "P1 OPCION D",
    "opcionE": "P1 OPCION E",
    "rPregunta": "opcionA"
}]
