[
  {
    "id": 1,
    "nTema": "1",
    "tema": "TEMA 1",
    "imageName": "T1",
    "cantidadPreguntas": "3",
    "preguntas": [
      {
        "id": 1,
        "nPregunta": "1",
        "ePregunta": "TEMA 1 ENUNCIADO 1",
        "opcionA": "T1 P1 OPCION A",
        "opcionB": "T1 P1 OPCION B",
        "opcionC": "T1 P1 OPCION C",
        "opcionD": "T1 P1 OPCION D",
        "opcionE": "T1 P1 OPCION E",
        "rPregunta": "opcionA"
      },
      {
        "id": 2,
        "nPregunta": "2",
        "ePregunta": "TEMA 1 ENUNCIADO 2",
        "opcionA": "T1 P2 OPCION A",
        "opcionB": "T1 P2 OPCION B",
        "opcionC": "T1 P2 OPCION C",
        "opcionD": "T1 P2 OPCION D",
        "opcionE": "T1 P2 OPCION E",
        "rPregunta": "opcionB"
      },
      {
        "id": 3,
        "nPregunta": "3",
        "ePregunta": "TEMA 1 ENUNCIADO 3",
        "opcionA": "T1 P3 OPCION A",
        "opcionB": "T1 P3 OPCION B",
        "opcionC": "T1 P3 OPCION C",
        "opcionD": "T1 P3 OPCION D",
        "opcionE": "T1 P3 OPCION E",
        "rPregunta": "opcionC"
      }
    ]
  },
  {
    "id": 2,
    "nTema": "2",
    "tema": "TEMA 2",
    "imageName": "T2",
    "cantidadPreguntas": "3",
    "preguntas": [
      {
        "id": 1,
        "nPregunta": "1",
        "ePregunta": "TEMA 2 ENUNCIADO 1",
        "opcionA": "T2 P1 OPCION A",
        "opcionB": "T2 P1 OPCION B",
        "opcionC": "T2 P1 OPCION C",
        "opcionD": "T2 P1 OPCION D",
        "opcionE": "T2 P1 OPCION E",
        "rPregunta": "opcionA"
      },
      {
        "id": 2,
        "nPregunta": "2",
        "ePregunta": "TEMA 2 ENUNCIADO 2",
        "opcionA": "T2 P2 OPCION A",
        "opcionB": "T2 P2 OPCION B",
        "opcionC": "T2 P2 OPCION C",
        "opcionD": "T2 P2 OPCION D",
        "opcionE": "T2 P2 OPCION E",
        "rPregunta": "opcionB"
      },
      {
        "id": 3,
        "nPregunta": "3",
        "ePregunta": "TEMA 2 ENUNCIADO 3",
        "opcionA": "T2 P3 OPCION A",
        "opcionB": "T2 P3 OPCION B",
        "opcionC": "T2 P3 OPCION C",
        "opcionD": "T2 P3 OPCION D",
        "opcionE": "T2 P3 OPCION E",
        "rPregunta": "opcionC"
      }
    ]
  },
  {
    "id": 3,
    "nTema": "3",
    "tema": "TEMA 3",
    "imageName": "T3",
    "cantidadPreguntas": "3",
    "preguntas": [
      {
        "id": 1,
        "nPregunta": "1",
        "ePregunta": "TEMA 3 ENUNCIADO 1",
        "opcionA": "T3 P1 OPCION A",
        "opcionB": "T3 P1 OPCION B",
        "opcionC": "T3 P1 OPCION C",
        "opcionD": "T3 P1 OPCION D",
        "opcionE": "T3 P1 OPCION E",
        "rPregunta": "opcionA"
      },
      {
        "id": 2,
        "nPregunta": "2",
        "ePregunta": "TEMA 3 ENUNCIADO 2",
        "opcionA": "T3 P2 OPCION A",
        "opcionB": "T3 P2 OPCION B",
        "opcionC": "T3 P2 OPCION C",
        "opcionD": "T3 P2 OPCION D",
        "opcionE": "T3 P2 OPCION E",
        "rPregunta": "opcionB"
      },
      {
        "id": 3,
        "nPregunta": "3",
        "ePregunta": "TEMA 3 ENUNCIADO 3",
        "opcionA": "T3 P3 OPCION A",
        "opcionB": "T3 P3 OPCION B",
        "opcionC": "T3 P3 OPCION C",
        "opcionD": "T3 P3 OPCION D",
        "opcionE": "T3 P3 OPCION E",
        "rPregunta": "opcionC"
      }
    ]
  }
]
